ir,rgb
infrared/g1.jpg,visible/g1.jpg
infrared/g10.jpg,visible/g10.jpg
infrared/g100.jpg,visible/g100.jpg
infrared/g101.jpg,visible/g101.jpg
infrared/g102.jpg,visible/g102.jpg
infrared/g103.jpg,visible/g103.jpg
infrared/g104.jpg,visible/g104.jpg
infrared/g105.jpg,visible/g105.jpg
infrared/g106.jpg,visible/g106.jpg
infrared/g107.jpg,visible/g107.jpg
infrared/g108.jpg,visible/g108.jpg
infrared/g109.jpg,visible/g109.jpg
infrared/g11.jpg,visible/g11.jpg
infrared/g110.jpg,visible/g110.jpg
infrared/g111.jpg,visible/g111.jpg
infrared/g112.jpg,visible/g112.jpg
infrared/g113.jpg,visible/g113.jpg
infrared/g114.jpg,visible/g114.jpg
infrared/g115.jpg,visible/g115.jpg
infrared/g116.jpg,visible/g116.jpg
infrared/g117.jpg,visible/g117.jpg
infrared/g118.jpg,visible/g118.jpg
infrared/g119.jpg,visible/g119.jpg
infrared/g12.jpg,visible/g12.jpg
infrared/g120.jpg,visible/g120.jpg
infrared/g121.jpg,visible/g121.jpg
infrared/g122.jpg,visible/g122.jpg
infrared/g123.jpg,visible/g123.jpg
infrared/g124.jpg,visible/g124.jpg
infrared/g125.jpg,visible/g125.jpg
infrared/g126.jpg,visible/g126.jpg
infrared/g127.jpg,visible/g127.jpg
infrared/g128.jpg,visible/g128.jpg
infrared/g129.jpg,visible/g129.jpg
infrared/g13.jpg,visible/g13.jpg
infrared/g130.jpg,visible/g130.jpg
infrared/g131.jpg,visible/g131.jpg
infrared/g132.jpg,visible/g132.jpg
infrared/g133.jpg,visible/g133.jpg
infrared/g134.jpg,visible/g134.jpg
infrared/g135.jpg,visible/g135.jpg
infrared/g136.jpg,visible/g136.jpg
infrared/g137.jpg,visible/g137.jpg
infrared/g138.jpg,visible/g138.jpg
infrared/g139.jpg,visible/g139.jpg
infrared/g14.jpg,visible/g14.jpg
infrared/g140.jpg,visible/g140.jpg
infrared/g141.jpg,visible/g141.jpg
infrared/g142.jpg,visible/g142.jpg
infrared/g143.jpg,visible/g143.jpg
infrared/g144.jpg,visible/g144.jpg
infrared/g145.jpg,visible/g145.jpg
infrared/g146.jpg,visible/g146.jpg
infrared/g147.jpg,visible/g147.jpg
infrared/g148.jpg,visible/g148.jpg
infrared/g149.jpg,visible/g149.jpg
infrared/g15.jpg,visible/g15.jpg
infrared/g150.jpg,visible/g150.jpg
infrared/g151.jpg,visible/g151.jpg
infrared/g152.jpg,visible/g152.jpg
infrared/g153.jpg,visible/g153.jpg
infrared/g154.jpg,visible/g154.jpg
infrared/g155.jpg,visible/g155.jpg
infrared/g156.jpg,visible/g156.jpg
infrared/g157.jpg,visible/g157.jpg
infrared/g158.jpg,visible/g158.jpg
infrared/g159.jpg,visible/g159.jpg
infrared/g16.jpg,visible/g16.jpg
infrared/g160.jpg,visible/g160.jpg
infrared/g161.jpg,visible/g161.jpg
infrared/g162.jpg,visible/g162.jpg
infrared/g163.jpg,visible/g163.jpg
infrared/g164.jpg,visible/g164.jpg
infrared/g165.jpg,visible/g165.jpg
infrared/g166.jpg,visible/g166.jpg
infrared/g167.jpg,visible/g167.jpg
infrared/g168.jpg,visible/g168.jpg
infrared/g169.jpg,visible/g169.jpg
infrared/g17.jpg,visible/g17.jpg
infrared/g170.jpg,visible/g170.jpg
infrared/g171.jpg,visible/g171.jpg
infrared/g172.jpg,visible/g172.jpg
infrared/g173.jpg,visible/g173.jpg
infrared/g174.jpg,visible/g174.jpg
infrared/g175.jpg,visible/g175.jpg
infrared/g176.jpg,visible/g176.jpg
infrared/g177.jpg,visible/g177.jpg
infrared/g178.jpg,visible/g178.jpg
infrared/g179.jpg,visible/g179.jpg
infrared/g18.jpg,visible/g18.jpg
infrared/g180.jpg,visible/g180.jpg
infrared/g181.jpg,visible/g181.jpg
infrared/g182.jpg,visible/g182.jpg
infrared/g183.jpg,visible/g183.jpg
infrared/g184.jpg,visible/g184.jpg
infrared/g185.jpg,visible/g185.jpg
infrared/g186.jpg,visible/g186.jpg
infrared/g187.jpg,visible/g187.jpg
infrared/g188.jpg,visible/g188.jpg
infrared/g189.jpg,visible/g189.jpg
infrared/g19.jpg,visible/g19.jpg
infrared/g190.jpg,visible/g190.jpg
infrared/g191.jpg,visible/g191.jpg
infrared/g192.jpg,visible/g192.jpg
infrared/g193.jpg,visible/g193.jpg
infrared/g194.jpg,visible/g194.jpg
infrared/g195.jpg,visible/g195.jpg
infrared/g196.jpg,visible/g196.jpg
infrared/g197.jpg,visible/g197.jpg
infrared/g198.jpg,visible/g198.jpg
infrared/g199.jpg,visible/g199.jpg
infrared/g2.jpg,visible/g2.jpg
infrared/g20.jpg,visible/g20.jpg
infrared/g200.jpg,visible/g200.jpg
infrared/g201.jpg,visible/g201.jpg
infrared/g202.jpg,visible/g202.jpg
infrared/g203.jpg,visible/g203.jpg
infrared/g204.jpg,visible/g204.jpg
infrared/g205.jpg,visible/g205.jpg
infrared/g206.jpg,visible/g206.jpg
infrared/g207.jpg,visible/g207.jpg
infrared/g208.jpg,visible/g208.jpg
infrared/g209.jpg,visible/g209.jpg
infrared/g21.jpg,visible/g21.jpg
infrared/g210.jpg,visible/g210.jpg
infrared/g211.jpg,visible/g211.jpg
infrared/g212.jpg,visible/g212.jpg
infrared/g213.jpg,visible/g213.jpg
infrared/g214.jpg,visible/g214.jpg
infrared/g215.jpg,visible/g215.jpg
infrared/g216.jpg,visible/g216.jpg
infrared/g217.jpg,visible/g217.jpg
infrared/g218.jpg,visible/g218.jpg
infrared/g219.jpg,visible/g219.jpg
infrared/g22.jpg,visible/g22.jpg
infrared/g220.jpg,visible/g220.jpg
infrared/g221.jpg,visible/g221.jpg
infrared/g222.jpg,visible/g222.jpg
infrared/g223.jpg,visible/g223.jpg
infrared/g224.jpg,visible/g224.jpg
infrared/g225.jpg,visible/g225.jpg
infrared/g226.jpg,visible/g226.jpg
infrared/g227.jpg,visible/g227.jpg
infrared/g228.jpg,visible/g228.jpg
infrared/g229.jpg,visible/g229.jpg
infrared/g23.jpg,visible/g23.jpg
infrared/g230.jpg,visible/g230.jpg
infrared/g231.jpg,visible/g231.jpg
infrared/g232.jpg,visible/g232.jpg
infrared/g233.jpg,visible/g233.jpg
infrared/g234.jpg,visible/g234.jpg
infrared/g235.jpg,visible/g235.jpg
infrared/g236.jpg,visible/g236.jpg
infrared/g237.jpg,visible/g237.jpg
infrared/g238.jpg,visible/g238.jpg
infrared/g239.jpg,visible/g239.jpg
infrared/g24.jpg,visible/g24.jpg
infrared/g240.jpg,visible/g240.jpg
infrared/g241.jpg,visible/g241.jpg
infrared/g242.jpg,visible/g242.jpg
infrared/g243.jpg,visible/g243.jpg
infrared/g244.jpg,visible/g244.jpg
infrared/g245.jpg,visible/g245.jpg
infrared/g246.jpg,visible/g246.jpg
infrared/g247.jpg,visible/g247.jpg
infrared/g248.jpg,visible/g248.jpg
infrared/g249.jpg,visible/g249.jpg
infrared/g25.jpg,visible/g25.jpg
infrared/g250.jpg,visible/g250.jpg
infrared/g251.jpg,visible/g251.jpg
infrared/g252.jpg,visible/g252.jpg
infrared/g253.jpg,visible/g253.jpg
infrared/g254.jpg,visible/g254.jpg
infrared/g255.jpg,visible/g255.jpg
infrared/g256.jpg,visible/g256.jpg
infrared/g257.jpg,visible/g257.jpg
infrared/g258.jpg,visible/g258.jpg
infrared/g259.jpg,visible/g259.jpg
infrared/g26.jpg,visible/g26.jpg
infrared/g260.jpg,visible/g260.jpg
infrared/g261.jpg,visible/g261.jpg
infrared/g262.jpg,visible/g262.jpg
infrared/g263.jpg,visible/g263.jpg
infrared/g264.jpg,visible/g264.jpg
infrared/g265.jpg,visible/g265.jpg
infrared/g266.jpg,visible/g266.jpg
infrared/g267.jpg,visible/g267.jpg
infrared/g268.jpg,visible/g268.jpg
infrared/g269.jpg,visible/g269.jpg
infrared/g27.jpg,visible/g27.jpg
infrared/g270.jpg,visible/g270.jpg
infrared/g271.jpg,visible/g271.jpg
infrared/g272.jpg,visible/g272.jpg
infrared/g273.jpg,visible/g273.jpg
infrared/g274.jpg,visible/g274.jpg
infrared/g275.jpg,visible/g275.jpg
infrared/g276.jpg,visible/g276.jpg
infrared/g277.jpg,visible/g277.jpg
infrared/g278.jpg,visible/g278.jpg
infrared/g279.jpg,visible/g279.jpg
infrared/g28.jpg,visible/g28.jpg
infrared/g280.jpg,visible/g280.jpg
infrared/g281.jpg,visible/g281.jpg
infrared/g282.jpg,visible/g282.jpg
infrared/g283.jpg,visible/g283.jpg
infrared/g284.jpg,visible/g284.jpg
infrared/g285.jpg,visible/g285.jpg
infrared/g286.jpg,visible/g286.jpg
infrared/g287.jpg,visible/g287.jpg
infrared/g288.jpg,visible/g288.jpg
infrared/g289.jpg,visible/g289.jpg
infrared/g29.jpg,visible/g29.jpg
infrared/g290.jpg,visible/g290.jpg
infrared/g291.jpg,visible/g291.jpg
infrared/g292.jpg,visible/g292.jpg
infrared/g293.jpg,visible/g293.jpg
infrared/g294.jpg,visible/g294.jpg
infrared/g295.jpg,visible/g295.jpg
infrared/g296.jpg,visible/g296.jpg
infrared/g297.jpg,visible/g297.jpg
infrared/g298.jpg,visible/g298.jpg
infrared/g299.jpg,visible/g299.jpg
infrared/g3.jpg,visible/g3.jpg
infrared/g30.jpg,visible/g30.jpg
infrared/g300.jpg,visible/g300.jpg
infrared/g31.jpg,visible/g31.jpg
infrared/g32.jpg,visible/g32.jpg
infrared/g33.jpg,visible/g33.jpg
infrared/g34.jpg,visible/g34.jpg
infrared/g35.jpg,visible/g35.jpg
infrared/g36.jpg,visible/g36.jpg
infrared/g37.jpg,visible/g37.jpg
infrared/g38.jpg,visible/g38.jpg
infrared/g39.jpg,visible/g39.jpg
infrared/g4.jpg,visible/g4.jpg
infrared/g40.jpg,visible/g40.jpg
infrared/g41.jpg,visible/g41.jpg
infrared/g42.jpg,visible/g42.jpg
infrared/g43.jpg,visible/g43.jpg
infrared/g44.jpg,visible/g44.jpg
infrared/g45.jpg,visible/g45.jpg
infrared/g46.jpg,visible/g46.jpg
infrared/g47.jpg,visible/g47.jpg
infrared/g48.jpg,visible/g48.jpg
infrared/g49.jpg,visible/g49.jpg
infrared/g5.jpg,visible/g5.jpg
infrared/g50.jpg,visible/g50.jpg
infrared/g51.jpg,visible/g51.jpg
infrared/g52.jpg,visible/g52.jpg
infrared/g53.jpg,visible/g53.jpg
infrared/g54.jpg,visible/g54.jpg
infrared/g55.jpg,visible/g55.jpg
infrared/g56.jpg,visible/g56.jpg
infrared/g57.jpg,visible/g57.jpg
infrared/g58.jpg,visible/g58.jpg
infrared/g59.jpg,visible/g59.jpg
infrared/g6.jpg,visible/g6.jpg
infrared/g60.jpg,visible/g60.jpg
infrared/g61.jpg,visible/g61.jpg
infrared/g62.jpg,visible/g62.jpg
infrared/g63.jpg,visible/g63.jpg
infrared/g64.jpg,visible/g64.jpg
infrared/g65.jpg,visible/g65.jpg
infrared/g66.jpg,visible/g66.jpg
infrared/g67.jpg,visible/g67.jpg
infrared/g68.jpg,visible/g68.jpg
infrared/g69.jpg,visible/g69.jpg
infrared/g7.jpg,visible/g7.jpg
infrared/g70.jpg,visible/g70.jpg
infrared/g71.jpg,visible/g71.jpg
infrared/g72.jpg,visible/g72.jpg
infrared/g73.jpg,visible/g73.jpg
infrared/g74.jpg,visible/g74.jpg
infrared/g75.jpg,visible/g75.jpg
infrared/g76.jpg,visible/g76.jpg
infrared/g77.jpg,visible/g77.jpg
infrared/g78.jpg,visible/g78.jpg
infrared/g79.jpg,visible/g79.jpg
infrared/g8.jpg,visible/g8.jpg
infrared/g80.jpg,visible/g80.jpg
infrared/g81.jpg,visible/g81.jpg
infrared/g82.jpg,visible/g82.jpg
infrared/g83.jpg,visible/g83.jpg
infrared/g84.jpg,visible/g84.jpg
infrared/g85.jpg,visible/g85.jpg
infrared/g86.jpg,visible/g86.jpg
infrared/g87.jpg,visible/g87.jpg
infrared/g88.jpg,visible/g88.jpg
infrared/g89.jpg,visible/g89.jpg
infrared/g9.jpg,visible/g9.jpg
infrared/g90.jpg,visible/g90.jpg
infrared/g91.jpg,visible/g91.jpg
infrared/g92.jpg,visible/g92.jpg
infrared/g93.jpg,visible/g93.jpg
infrared/g94.jpg,visible/g94.jpg
infrared/g95.jpg,visible/g95.jpg
infrared/g96.jpg,visible/g96.jpg
infrared/g97.jpg,visible/g97.jpg
infrared/g98.jpg,visible/g98.jpg
infrared/g99.jpg,visible/g99.jpg
